{
  "schema_version": "1.0.0",
  "tool": "parity_fuzz",
  "created_at_utc": "2026-02-12T03:31:26Z",
  "repo_root": "/Users/bbuchsbaum/code/actflower",
  "benchmark_script": "/Users/bbuchsbaum/code/actflower/tools/benchmark_r_vs_python.py",
  "thresholds_path": "/Users/bbuchsbaum/code/actflower/tools/parity_fuzz_case_thresholds.json",
  "master_seed": 20260212,
  "cases_requested": 6,
  "summary": {
    "cases_total": 6,
    "cases_successful": 6,
    "cases_exec_failed": 0,
    "cases_threshold_pass": 6,
    "cases_threshold_fail": 0,
    "successful_case_ratio": 1.0,
    "threshold_pass_ratio": 1.0,
    "profile_counts": {
      "core": 2,
      "combined": 2,
      "noncircular": 1,
      "full": 1
    }
  },
  "by_operation": {
    "activity_noncircular": {
      "similarity": {
        "max_abs_err": {
          "count": 2,
          "min": 0.0,
          "p50": 0.0,
          "p95": 0.0,
          "p99": 0.0,
          "max": 0.0,
          "mean": 0.0
        },
        "mean_abs_err": {
          "count": 2,
          "min": 0.0,
          "p50": 0.0,
          "p95": 0.0,
          "p99": 0.0,
          "max": 0.0,
          "mean": 0.0
        },
        "corr": {
          "count": 2,
          "min": 0.9999999999999999,
          "p50": 1.0,
          "p95": 1.0,
          "p99": 1.0,
          "max": 1.0,
          "mean": 1.0
        }
      },
      "speedup": {
        "count": 2,
        "min": 0.3264855061141305,
        "p50": 0.376662757939884,
        "p95": 0.4218222845830621,
        "p99": 0.4258364647291224,
        "max": 0.42684000976563746,
        "mean": 0.376662757939884
      }
    },
    "fc_combined": {
      "similarity": {
        "max_abs_err": {
          "count": 3,
          "min": 2.3869795029440866e-15,
          "p50": 2.525757381022231e-15,
          "p95": 4.449218771185315e-15,
          "p99": 4.620193116977588e-15,
          "max": 4.6629367034256575e-15,
          "mean": 3.191891195797325e-15
        },
        "mean_abs_err": {
          "count": 3,
          "min": 2.9875793197378346e-18,
          "p50": 3.428572338833596e-18,
          "p95": 6.2085355473196035e-18,
          "p99": 6.455643388073915e-18,
          "max": 6.517420348262493e-18,
          "mean": 4.3111906689446415e-18
        },
        "corr": {
          "count": 3,
          "min": 0.9999999999999998,
          "p50": 0.9999999999999999,
          "p95": 1.0,
          "p99": 1.0,
          "max": 1.0,
          "mean": 0.9999999999999999
        }
      },
      "speedup": {
        "count": 3,
        "min": 49.16748873873874,
        "p50": 53.42022177419357,
        "p95": 123.01837952953204,
        "p99": 129.2048824411177,
        "max": 130.7515081690141,
        "mean": 77.7797395606488
      }
    },
    "fc_corr": {
      "similarity": {
        "max_abs_err": {
          "count": 6,
          "min": 2.7755575615628914e-16,
          "p50": 3.191891195797325e-16,
          "p95": 3.608224830031759e-16,
          "p99": 3.608224830031759e-16,
          "max": 3.608224830031759e-16,
          "mean": 3.2381504884900397e-16
        },
        "mean_abs_err": {
          "count": 6,
          "min": 3.064166465347225e-17,
          "p50": 3.1181765980404873e-17,
          "p95": 3.312169460594584e-17,
          "p99": 3.354072511465535e-17,
          "max": 3.364548274183273e-17,
          "mean": 3.150487286916382e-17
        },
        "corr": {
          "count": 6,
          "min": 0.9999999999999998,
          "p50": 0.9999999999999999,
          "p95": 1.0,
          "p99": 1.0,
          "max": 1.0,
          "mean": 0.9999999999999999
        }
      },
      "speedup": {
        "count": 6,
        "min": 0.3465666852678574,
        "p50": 0.3984465379971597,
        "p95": 0.4648775784505211,
        "p99": 0.46556093444010443,
        "max": 0.4657317734375003,
        "mean": 0.4037214569551546
      }
    },
    "fc_multreg": {
      "similarity": {
        "max_abs_err": {
          "count": 6,
          "min": 1.2073675392798577e-15,
          "p50": 1.3114509478384662e-15,
          "p95": 1.7876325419940997e-15,
          "p99": 1.8008164404115237e-15,
          "max": 1.8041124150158794e-15,
          "mean": 1.4323033499981837e-15
        },
        "mean_abs_err": {
          "count": 6,
          "min": 2.1588486749854056e-16,
          "p50": 2.235755779366493e-16,
          "p95": 2.721807368239967e-16,
          "p99": 2.791949296088708e-16,
          "max": 2.809484778050893e-16,
          "mean": 2.3510260841328906e-16
        },
        "corr": {
          "count": 6,
          "min": 0.9999999999999998,
          "p50": 1.0,
          "p95": 1.0,
          "p99": 1.0,
          "max": 1.0,
          "mean": 0.9999999999999999
        }
      },
      "speedup": {
        "count": 6,
        "min": 180.17712962962963,
        "p50": 671.1032576470589,
        "p95": 6263.057489035087,
        "p99": 7584.166608918129,
        "max": 7914.443888888888,
        "mean": 1840.0205234643865
      }
    },
    "fc_noncircular_multreg": {
      "similarity": {
        "max_abs_err": {
          "count": 2,
          "min": 8.881784197001252e-16,
          "p50": 9.52363188311267e-16,
          "p95": 1.0101294800612947e-15,
          "p99": 1.0152642615501861e-15,
          "max": 1.016547956922409e-15,
          "mean": 9.52363188311267e-16
        },
        "mean_abs_err": {
          "count": 2,
          "min": 1.078482941327482e-16,
          "p50": 1.112847905919299e-16,
          "p95": 1.143776374051934e-16,
          "p99": 1.1465255712192794e-16,
          "max": 1.1472128705111158e-16,
          "mean": 1.112847905919299e-16
        },
        "corr": {
          "count": 2,
          "min": 1.0,
          "p50": 1.0,
          "p95": 1.0,
          "p99": 1.0,
          "max": 1.0,
          "mean": 1.0
        }
      },
      "speedup": {
        "count": 2,
        "min": 2.5584142857142855,
        "p50": 5.791679194837346,
        "p95": 8.7016176130481,
        "p99": 8.960278805777945,
        "max": 9.024944103960406,
        "mean": 5.791679194837346
      }
    },
    "fullcompare_multreg": {
      "similarity": {
        "max_abs_err": {
          "count": 6,
          "min": 1.1102230246251565e-15,
          "p50": 2.220446049250313e-15,
          "p95": 3.497202527569243e-15,
          "p99": 3.5416114485542492e-15,
          "max": 3.552713678800501e-15,
          "mean": 2.294460917558657e-15
        },
        "mean_abs_err": {
          "count": 6,
          "min": 3.6737588280131047e-16,
          "p50": 5.864521831118926e-16,
          "p95": 7.782475474245783e-16,
          "p99": 8.021693841582985e-16,
          "max": 8.081498433417285e-16,
          "mean": 5.878865424304549e-16
        },
        "corr": {
          "count": 6,
          "min": 0.9999999999999999,
          "p50": 1.0,
          "p95": 1.0,
          "p99": 1.0,
          "max": 1.0,
          "mean": 1.0
        }
      },
      "speedup": {
        "count": 3,
        "min": 130.7983324999995,
        "p50": 140.39916749999992,
        "p95": 358.6411057499998,
        "p99": 378.0403891499998,
        "max": 382.89020999999974,
        "mean": 218.02923666666638
      }
    },
    "pred_combined": {
      "similarity": {
        "max_abs_err": {
          "count": 3,
          "min": 3.4416913763379853e-15,
          "p50": 4.829470157119431e-15,
          "p95": 8.72635297355373e-15,
          "p99": 9.072742557236779e-15,
          "max": 9.159339953157541e-15,
          "mean": 5.810167162204986e-15
        },
        "mean_abs_err": {
          "count": 3,
          "min": 1.148701630162583e-16,
          "p50": 1.1577144679118106e-16,
          "p95": 2.781175874633166e-16,
          "p99": 2.92548355523062e-16,
          "max": 2.9615604753799833e-16,
          "mean": 1.7559921911514592e-16
        },
        "corr": {
          "count": 3,
          "min": 1.0,
          "p50": 1.0,